macro_replication,alpha_0.001,alpha_0.002,alpha_0.003,alpha_0.004,alpha_0.005,alpha_0.006,alpha_0.007,alpha_0.008,alpha_0.009,alpha_0.010,alpha_0.011,alpha_0.012,alpha_0.013,alpha_0.014,alpha_0.015,alpha_0.016,alpha_0.017,alpha_0.018,alpha_0.019,alpha_0.020,alpha_0.021,alpha_0.022,alpha_0.023,alpha_0.024,alpha_0.025,alpha_0.026,alpha_0.027,alpha_0.028,alpha_0.029,alpha_0.030,alpha_0.031,alpha_0.032,alpha_0.033,alpha_0.034,alpha_0.035,alpha_0.036,alpha_0.037,alpha_0.038,alpha_0.039,alpha_0.040,alpha_0.041,alpha_0.042,alpha_0.043,alpha_0.044,alpha_0.045,alpha_0.046,alpha_0.047,alpha_0.048,alpha_0.049,alpha_0.050,alpha_0.051,alpha_0.052,alpha_0.053,alpha_0.054,alpha_0.055,alpha_0.056,alpha_0.057,alpha_0.058,alpha_0.059,alpha_0.060,alpha_0.061,alpha_0.062,alpha_0.063,alpha_0.064,alpha_0.065,alpha_0.066,alpha_0.067,alpha_0.068,alpha_0.069,alpha_0.070,alpha_0.071,alpha_0.072,alpha_0.073,alpha_0.074,alpha_0.075,alpha_0.076,alpha_0.077,alpha_0.078,alpha_0.079,alpha_0.080,alpha_0.081,alpha_0.082,alpha_0.083,alpha_0.084,alpha_0.085,alpha_0.086,alpha_0.087,alpha_0.088,alpha_0.089,alpha_0.090,alpha_0.091,alpha_0.092,alpha_0.093,alpha_0.094,alpha_0.095,alpha_0.096,alpha_0.097,alpha_0.098,alpha_0.099,alpha_0.100
1,0.000935007404,0.002040627305,0.003193602159,0.004361626183,0.005536991504,0.006709736827,0.007878487138,0.009040391443,0.010197328665,0.011349101542,0.012495285279,0.013640386698,0.014779674177,0.015912537515,0.017049846555,0.018174537207,0.019297701443,0.020425991283,0.021546698518,0.022659266344,0.023784390131,0.024894233533,0.026002567836,0.027116847311,0.028222331916,0.029326321410,0.030428778400,0.031529706279,0.032621422772,0.033719166875,0.034815271141,0.035909660832,0.036994885100,0.038078471188,0.039167632814,0.040254896966,0.041333321378,0.042410077641,0.043485136056,0.044564778367,0.045636189707,0.046705877485,0.047773836346,0.048840052793,0.049904365815,0.050971616522,0.052027639381,0.053086668934,0.054143541575,0.055198722980,0.056252113031,0.057301259566,0.058351081582,0.059398940674,0.060444882558,0.061488668584,0.062530514144,0.063570325106,0.064608141463,0.065646065480,0.066683245088,0.067715894152,0.068746333199,0.069774590458,0.070800874746,0.071830959850,0.072853314666,0.073881337061,0.074908622923,0.075925488413,0.076939936745,0.077952222713,0.078973736474,0.079981987736,0.081001343604,0.082005380742,0.083022602878,0.084022630160,0.085037411556,0.086033085303,0.087045655309,0.088036869686,0.089025544443,0.090034279311,0.091042683739,0.092025240856,0.093031194023,0.094036724271,0.094984540754,0.095985810811,0.096987333132,0.097988415401,0.098955260347,0.099953761321,0.100915566898,0.101911945045,0.102868928436,0.103863015466,0.104856793927,0.105806831690
2,0.000916556958,0.002002137967,0.003132891857,0.004284200960,0.005439304164,0.006594487556,0.007746989128,0.008894166565,0.010038086906,0.011178558498,0.012315197298,0.013447525399,0.014580088244,0.015713097856,0.016840845105,0.017968525445,0.019089793272,0.020216897230,0.021337043855,0.022456344472,0.023567745937,0.024685075226,0.025794023141,0.026901625031,0.028015372015,0.029120252628,0.030223631897,0.031325493842,0.032418150468,0.033524468253,0.034613944862,0.035709322079,0.036795499787,0.037880065840,0.038977453557,0.040058529831,0.041137985795,0.042215755064,0.043298405707,0.044372647194,0.045445261386,0.046510174657,0.047585023844,0.048652263665,0.049717791309,0.050781563671,0.051843546163,0.052903772680,0.053962191773,0.055018780615,0.056073512536,0.057126370745,0.058177383460,0.059225077734,0.060272604429,0.061317989821,0.062361348930,0.063402734015,0.064443831368,0.065481827023,0.066520469356,0.067554723792,0.068586882073,0.069621607272,0.070644415261,0.071676085082,0.072700056635,0.073729759335,0.074750002188,0.075777315453,0.076803971199,0.077807263459,0.078830834445,0.079853756306,0.080848203218,0.081867658155,0.082886770798,0.083905211428,0.084905083279,0.085902621877,0.086896866750,0.087909618138,0.088900157460,0.089910539134,0.090920619998,0.091930094915,0.092912433294,0.093919403674,0.094897129373,0.095872183444,0.096874493759,0.097844446782,0.098845187764,0.099845546750,0.100809218198,0.101806843035,0.102765193236,0.103760889728,0.104756172119,0.105750922596
3,0.000969646712,0.002112930067,0.003288511077,0.004463871935,0.005624590537,0.006773846115,0.007915925073,0.009052554557,0.010187598862,0.011321140323,0.012452576338,0.013581074286,0.014710765127,0.015841547283,0.016967507513,0.018093677812,0.019213637436,0.020339565559,0.021458582494,0.022576868340,0.023687283383,0.024803700966,0.025919142428,0.027026128478,0.028124259183,0.029236055610,0.030338925807,0.031440330385,0.032532610298,0.033638619902,0.034727841926,0.035823044504,0.036909082979,0.037993558331,0.039083656170,0.040164829825,0.041251298050,0.042329091153,0.043411743231,0.044479680696,0.045552468568,0.046629336011,0.047698464015,0.048765879269,0.049831526600,0.050895373737,0.051957419291,0.053017534533,0.054075749886,0.055129159488,0.056186714627,0.057237089316,0.058288170113,0.059337297586,0.060384459949,0.061429641067,0.062472756611,0.063514944976,0.064554570379,0.065591939527,0.066627323163,0.067660523547,0.068695809500,0.069725358424,0.070758367181,0.071784149801,0.072814703964,0.073836546796,0.074855998365,0.075882630165,0.076898170311,0.077911334637,0.078934297719,0.079943617874,0.080964071227,0.081969171484,0.082987317355,0.083988126686,0.084986339488,0.086000556818,0.086994561995,0.088006601233,0.088996248380,0.090006033613,0.091015363400,0.091998715898,0.093005683597,0.094012095381,0.094960499827,0.095962948836,0.096965356461,0.097934766260,0.098934797142,0.099934431580,0.100933505533,0.101894324706,0.102890735363,0.103846395888,0.104840511561,0.105834290791
4,0.000943714831,0.002061642699,0.003223783283,0.004402986766,0.005587024548,0.006767029879,0.007941790958,0.009108645584,0.010269615459,0.011424495801,0.012573125333,0.013715090314,0.014855112108,0.015993636795,0.017125138243,0.018255006771,0.019383460069,0.020504125673,0.021616421891,0.022733668138,0.023849441302,0.024963779040,0.026069364866,0.027180700356,0.028275568368,0.029383840212,0.030483013360,0.031580560646,0.032676504029,0.033763185656,0.034855838055,0.035946767956,0.037028570283,0.038116167956,0.039194762973,0.040278873871,0.041354185546,0.042427922239,0.043500039359,0.044570568314,0.045645603449,0.046712595219,0.047778020818,0.048841780614,0.049903904903,0.050964320245,0.052023042274,0.053080107047,0.054135252567,0.055188852002,0.056240443193,0.057288233498,0.058336722216,0.059383335132,0.060428094486,0.061470859469,0.062511752358,0.063551813758,0.064589385836,0.065624840759,0.066661214689,0.067693220539,0.068723092960,0.069750914915,0.070782307522,0.071812977285,0.072835632892,0.073856024389,0.074874182653,0.075890080856,0.076914062591,0.077937461246,0.078947995413,0.079969030056,0.080975468551,0.081994336744,0.082996698196,0.084013302926,0.085011469056,0.086007094652,0.087019825849,0.088032106632,0.089021749550,0.090008654406,0.091017043062,0.092000027152,0.093005754716,0.094011393008,0.094987639741,0.095960906909,0.096962579464,0.097931617635,0.098930794233,0.099929837166,0.100892043719,0.101888659389,0.102884934665,0.103840241808,0.104834145395,0.105827636287
5,0.000905612522,0.001977829492,0.003099896710,0.004246512858,0.005402358018,0.006563475980,0.007726019234,0.008885763131,0.010043200460,0.011196879666,0.012345771303,0.013493861516,0.014636189336,0.015772067482,0.016906548877,0.018033735010,0.019165601662,0.020296436597,0.021419554456,0.022534357617,0.023661560616,0.024773305859,0.025883384469,0.026991844140,0.028106209205,0.029211548343,0.030315270728,0.031417308215,0.032517711005,0.033608821945,0.034705846447,0.035801108986,0.036887160594,0.037978872440,0.039061503407,0.040142462330,0.041228665193,0.042306141441,0.043388449424,0.044462361016,0.045528483082,0.046599178459,0.047673709487,0.048740553558,0.049805768803,0.050869236842,0.051930883222,0.052990757673,0.054048870228,0.055104984587,0.056159307113,0.057211581235,0.058260490209,0.059309552721,0.060356608353,0.061401873162,0.062444820908,0.063486047095,0.064526798930,0.065564462026,0.066600244944,0.067637067088,0.068669011873,0.069698744033,0.070726336671,0.071758131494,0.072782202978,0.073811580553,0.074831617278,0.075858940679,0.076875394395,0.077888817697,0.078912148966,0.079921908186,0.080943101233,0.081948785251,0.082967755915,0.083969270615,0.084986053737,0.085983347200,0.086997859026,0.087990998513,0.088981117241,0.089991471107,0.090977406959,0.091985617904,0.092993453109,0.094000692635,0.094978427665,0.095983206124,0.096956298851,0.097958570961,0.098926701691,0.099926833470,0.100926542520,0.101887992294,0.102885199044,0.103841587025,0.104836499061,0.105831044414
6,0.000910448019,0.001984627019,0.003108434362,0.004257100901,0.005415557132,0.006579963081,0.007746497599,0.008910908850,0.010073562978,0.011232891323,0.012387746029,0.013537154931,0.014690663906,0.015832914078,0.016973808464,0.018113498628,0.019245732590,0.020376357825,0.021512156804,0.022639893685,0.023759003754,0.024883429043,0.025998935799,0.027112577298,0.028231849844,0.029341826299,0.030442294458,0.031556073105,0.032660292319,0.033762603160,0.034855378099,0.035953769261,0.037042718612,0.038129778822,0.039222203423,0.040312572949,0.041386928927,0.042473256719,0.043550851587,0.044632955588,0.045706599580,0.046778475615,0.047848513843,0.048916699705,0.049982876883,0.051047314113,0.052109738381,0.053170241263,0.054228889867,0.055285628795,0.056340408408,0.057391192371,0.058444127057,0.059491780455,0.060539137398,0.061584346252,0.062627438786,0.063669606530,0.064709219037,0.065746692142,0.066784773891,0.067814977543,0.068850065214,0.069884485601,0.070912328385,0.071937915791,0.072961300586,0.073990250691,0.075018494632,0.076026803531,0.077051764510,0.078064877104,0.079087683670,0.080109811563,0.081117183748,0.082122464301,0.083124324647,0.084140679964,0.085156604550,0.086171855680,0.087166491237,0.088179339821,0.089169529280,0.090156977626,0.091165755670,0.092174069217,0.093155254882,0.094161219448,0.095137762368,0.096141419608,0.097113933591,0.098082246858,0.099081443084,0.100045540124,0.101042802582,0.102039769158,0.102997162905,0.103991725442,0.104985895119,0.105979531413
7,0.000898382804,0.001960371014,0.003073439696,0.004211615088,0.005364994529,0.006524920391,0.007689104385,0.008852953667,0.010016351528,0.011177229660,0.012333802740,0.013484742813,0.014639222201,0.015781792654,0.016922243477,0.018060741026,0.019191145269,0.020325938986,0.021452464168,0.022577147241,0.023693040790,0.024814194708,0.025933725268,0.027044273678,0.028153064192,0.029260139197,0.030365489287,0.031469150512,0.032571108540,0.033671336003,0.034762228289,0.035858933555,0.036946385542,0.038032164285,0.039123456841,0.040205732838,0.041293246949,0.042372009833,0.043449013964,0.044524283704,0.045603910358,0.046675502719,0.047745224031,0.048813215601,0.049879426595,0.050943835645,0.052006404317,0.053067102353,0.054125953994,0.055182900753,0.056235404842,0.057291124297,0.058340478015,0.059391304878,0.060437683162,0.061483431169,0.062526872885,0.063569509829,0.064609551375,0.065649721155,0.066686051398,0.067720221936,0.068752218485,0.069782096928,0.070815389342,0.071841509990,0.072872589726,0.073894887066,0.074914913923,0.075941868583,0.076958002637,0.077971494674,0.078994546177,0.080017138212,0.081011392587,0.082030349872,0.083049111421,0.084050633082,0.085048929433,0.086063742575,0.087078032394,0.088070739521,0.089060780488,0.090070854435,0.091056446585,0.092064387869,0.093071901341,0.094078801813,0.095056219218,0.096060565477,0.097033137209,0.098035224581,0.099003012555,0.099967826678,0.100965831572,0.101963534676,0.102960722749,0.103916892793,0.104911563194,0.105862864788
8,0.000974769801,0.002116735699,0.003294002681,0.004473573700,0.005647539586,0.006809961226,0.007964628243,0.009112478442,0.010257405936,0.011399745484,0.012539190251,0.013679835388,0.014816679631,0.015948679039,0.017080704389,0.018212612000,0.019338037809,0.020469153447,0.021586390060,0.022709192433,0.023837995834,0.024951596291,0.026063718555,0.027181793242,0.028290990258,0.029398634030,0.030504689223,0.031609107969,0.032704188819,0.033805211796,0.034904485051,0.036001979306,0.037090222595,0.038184058588,0.039268783129,0.040351769992,0.041433043538,0.042526096013,0.043596981090,0.044672885735,0.045753062711,0.046825169854,0.047895498258,0.048964038012,0.050030761689,0.051095636761,0.052158577644,0.053219677799,0.054278873786,0.055336167552,0.056391629154,0.057444921845,0.058494559316,0.059544370324,0.060592173668,0.061637945332,0.062682168199,0.063724288350,0.064764260767,0.065802121610,0.066840726623,0.067871300871,0.068906789837,0.069936689155,0.070964228433,0.071995614142,0.073019340998,0.074048466299,0.075068384427,0.076094922122,0.077110527067,0.078123664626,0.079146528206,0.080168718985,0.081176142880,0.082180991760,0.083183582794,0.084199891506,0.085215834317,0.086212234745,0.087225827918,0.088218122350,0.089228969219,0.090216412585,0.091225238678,0.092208234531,0.093214683247,0.094220657545,0.095197174735,0.096200645313,0.097172409715,0.098140998025,0.099140351249,0.100139383057,0.101137877490,0.102098086794,0.103055076954,0.104049032225,0.105042804797,0.105993592337
9,0.000995665156,0.002164194677,0.003360369825,0.004549211236,0.005722484868,0.006880313609,0.008029707565,0.009172526383,0.010312602281,0.011449927156,0.012583960629,0.013718713990,0.014843891599,0.015974093210,0.017098682506,0.018222879490,0.019346663056,0.020463530752,0.021579530266,0.022694664039,0.023801863908,0.024915068875,0.026027345242,0.027131224906,0.028233856178,0.029335237040,0.030435360438,0.031534167862,0.032631621006,0.033720033815,0.034814627739,0.035907735693,0.036991889833,0.038074611117,0.039163091844,0.040242809021,0.041327936694,0.042404514351,0.043479568872,0.044559371502,0.045625039943,0.046701209064,0.047764205323,0.048836549076,0.049901746065,0.050965236145,0.052027059273,0.053087156811,0.054145457488,0.055202009483,0.056256627481,0.057307409089,0.058358828063,0.059408347548,0.060455956338,0.061501642544,0.062545767062,0.063587953624,0.064628108631,0.065666216167,0.066705216193,0.067739751318,0.068776427829,0.069807251593,0.070835862260,0.071862225072,0.072893549098,0.073916147655,0.074945172739,0.075954330763,0.076980152887,0.077994472419,0.079017815910,0.080040802319,0.081049096881,0.082054734784,0.083057944091,0.084075409067,0.085074591185,0.086089714190,0.087104347758,0.088097376142,0.089087677285,0.090098133975,0.091108162384,0.092092376647,0.093099770000,0.094106777371,0.095084307099,0.096058894747,0.097061682362,0.098064087156,0.099032390949,0.100032006422,0.101031416529,0.101992601815,0.102989483600,0.103945603090,0.104898361010,0.105891104524
10,0.000944053667,0.002054336726,0.003207863092,0.004375595736,0.005546372240,0.006712095619,0.007872628059,0.009026383440,0.010176114606,0.011321947460,0.012463691118,0.013600904017,0.014743257439,0.015875467546,0.017007267996,0.018138716684,0.019269753056,0.020393846211,0.021516980849,0.022632191142,0.023753060132,0.024872842081,0.025991445575,0.027101390229,0.028209832945,0.029316765571,0.030422164412,0.031525978748,0.032628144055,0.033728661467,0.034819904376,0.035917028885,0.037004886056,0.038098443139,0.039182896478,0.040265643915,0.041353589302,0.042439541360,0.043510273244,0.044592340527,0.045659948248,0.046737916669,0.047808065906,0.048876411969,0.049942936355,0.051012312187,0.052070503415,0.053131622467,0.054190464060,0.055244594179,0.056300130840,0.057355791311,0.058405325819,0.059456161677,0.060502535856,0.061548187716,0.062591601966,0.063633070109,0.064672441015,0.065711850277,0.066747630878,0.067784578770,0.068820747663,0.069846070265,0.070878989862,0.071911198288,0.072935320331,0.073957096685,0.074976729406,0.075993822407,0.077018678083,0.078043080660,0.079054549727,0.080076600403,0.081083952346,0.082088625663,0.083106701534,0.084124135509,0.085105203750,0.086119246302,0.087132804632,0.088125044922,0.089114044601,0.090123257823,0.091132175741,0.092115630300,0.093121622288,0.094099870362,0.095104109515,0.096078015658,0.097079658993,0.098048590504,0.099048105111,0.100047263483,0.101045867968,0.102006131959,0.102963123861,0.103957536639,0.104951538675,0.105901764748
11,0.000890362478,0.001945830321,0.003053403670,0.004184686862,0.005328128801,0.006478621342,0.007632315717,0.008788221715,0.009936595782,0.011085831969,0.012231342254,0.013376966719,0.014512506422,0.015647133114,0.016786804261,0.017920349286,0.019053290279,0.020172638344,0.021303909164,0.022420733522,0.023543175026,0.024664470199,0.025777272009,0.026888590206,0.028005923595,0.029114302177,0.030221108370,0.031326278847,0.032429806384,0.033524058168,0.034624191044,0.035722566013,0.036819134640,0.037906477033,0.038992109461,0.040083122172,0.041165199252,0.042245572079,0.043330709159,0.044401036679,0.045482246546,0.046549361472,0.047626346305,0.048695756031,0.049763324156,0.050829018993,0.051892866406,0.052954805753,0.054014814926,0.055069970644,0.056129089777,0.057181196658,0.058233841237,0.059284458287,0.060333093662,0.061379551495,0.062424480491,0.063467384558,0.064508154928,0.065546843801,0.066586371592,0.067621375319,0.068654085009,0.069689534487,0.070718466770,0.071745146193,0.072769597124,0.073799669556,0.074820215986,0.075838324042,0.076864511128,0.077889980403,0.078902472233,0.079925528998,0.080933843461,0.081939588775,0.082958606838,0.083960167485,0.084959167139,0.085974219455,0.086968965368,0.087981750768,0.088972347766,0.089982551099,0.090968333579,0.091976537049,0.092984259993,0.093963707962,0.094968967068,0.095973719679,0.096946760942,0.097916282964,0.098916666091,0.099916736271,0.100879926848,0.101877501356,0.102835721650,0.103830931492,0.104825842467,0.105776998986
12,0.001025800243,0.002223391310,0.003426560475,0.004600109222,0.005750577815,0.006888679309,0.008023818726,0.009157237311,0.010291639180,0.011422090598,0.012559841611,0.013695997667,0.014829259231,0.015958341956,0.017087841398,0.018217571964,0.019341020254,0.020470316541,0.021592507667,0.022713810637,0.023834055769,0.024945967297,0.026056395023,0.027172721231,0.028280180103,0.029386013552,0.030490201196,0.031592742735,0.032693564934,0.033792643547,0.034882369689,0.035977879482,0.037071563081,0.038155983700,0.039238703994,0.040326712756,0.041405815513,0.042483187541,0.043565349921,0.044632682381,0.045704834378,0.046781023204,0.047849433676,0.048916017545,0.049980742998,0.051043747303,0.052104943789,0.053164314344,0.054221760869,0.055277402007,0.056331158953,0.057383077306,0.058431267615,0.059479658753,0.060526080814,0.061570534213,0.062612952005,0.063654308562,0.064693150302,0.065732226041,0.066764482540,0.067796991598,0.068831634619,0.069865508502,0.070892802372,0.071917746680,0.072940479369,0.073968942699,0.074987920472,0.076014035607,0.077029095663,0.078052793532,0.079063709244,0.080085192451,0.081092014331,0.082096298715,0.083113985583,0.084114218547,0.085129566863,0.086144329885,0.087138502309,0.088129953209,0.089140781833,0.090151019741,0.091112569901,0.092118827074,0.093125076613,0.094103121216,0.095107160476,0.096080957993,0.097082243170,0.098050886351,0.099050220978,0.100049167529,0.101011703366,0.102007595221,0.103003552652,0.103958574076,0.104910680997,0.105902035747
13,0.000898075322,0.001962908743,0.003078547966,0.004218288575,0.005371802416,0.006530271631,0.007691393799,0.008850850068,0.010008880848,0.011163841061,0.012314468008,0.013459778318,0.014604063119,0.015747528388,0.016884523174,0.018020340812,0.019155078911,0.020282255387,0.021407962698,0.022532232920,0.023648003185,0.024769227577,0.025888994791,0.026999871259,0.028101507256,0.029216441290,0.030322146182,0.031426095963,0.032520656583,0.033621061028,0.034719653033,0.035808861534,0.036903776520,0.037996767232,0.039080607953,0.040162712977,0.041249951269,0.042328347088,0.043404986482,0.044479843858,0.045559017220,0.046629950066,0.047699166992,0.048766562190,0.049832047463,0.050895709915,0.051957521280,0.053017391512,0.054075420137,0.055131426996,0.056183046414,0.057237723621,0.058287948924,0.059335031428,0.060381730872,0.061426350675,0.062469017060,0.063509364456,0.064549371012,0.065586252408,0.066623850695,0.067653381997,0.068687946225,0.069716766802,0.070749056839,0.071774083181,0.072796837695,0.073825290082,0.074844177824,0.075870302648,0.076885210425,0.077897981504,0.078919819483,0.079928227724,0.080948089921,0.081967300675,0.082954055587,0.083969948193,0.084985329692,0.085981190206,0.086994205134,0.088006617699,0.088996332954,0.089983213454,0.090991577646,0.091974084220,0.092954162350,0.093958307081,0.094962322481,0.095935796487,0.096937383087,0.097906119290,0.098905400198,0.099904340356,0.100866384880,0.101862847896,0.102858936393,0.103814167275,0.104766064459,0.105757576754
14,0.001663493982,0.002647147049,0.003683767918,0.004751300840,0.005835913754,0.006934357748,0.008040073054,0.009157443802,0.010277516162,0.011396744525,0.012521017104,0.013654426994,0.014776645586,0.015906140394,0.017031855521,0.018158592100,0.019279729053,0.020407266437,0.021521507375,0.022648586758,0.023761224651,0.024879882023,0.025997520536,0.027106576158,0.028214165807,0.029320225918,0.030424687034,0.031527506089,0.032620994683,0.033727970173,0.034817936445,0.035913688818,0.037000138948,0.038092181083,0.039175005180,0.040256112024,0.041342360556,0.042419817589,0.043495524868,0.044575779258,0.045647666213,0.046717821424,0.047786183825,0.048852739250,0.049917489764,0.050980414632,0.052041447226,0.053100670343,0.054157956203,0.055213370628,0.056266911654,0.057316380404,0.058366452867,0.059414548651,0.060460676450,0.061504767946,0.062546993777,0.063588064868,0.064626641428,0.065663343615,0.066697452767,0.067733286518,0.068764019426,0.069792597740,0.070818858102,0.071849311538,0.072871898096,0.073892347864,0.074918988603,0.075945044404,0.076960042638,0.077972208746,0.078994258808,0.080002638304,0.081022518734,0.082026995780,0.083044343896,0.084044408290,0.085059661447,0.086055685324,0.087048603117,0.088059881370,0.089070734036,0.090080961624,0.091042274832,0.092048737475,0.093055002936,0.094060724152,0.095037007867,0.096040226178,0.097011781110,0.097980098201,0.098979428415,0.099978368321,0.100976771325,0.101936891166,0.102932735278,0.103928188528,0.104881259807,0.105874293981
15,0.001042575643,0.002254552158,0.003443574764,0.004587518414,0.005710372407,0.006829136707,0.007944152699,0.009062847760,0.010184540223,0.011307921189,0.012431527098,0.013558734798,0.014678794922,0.015805836359,0.016928867121,0.018052778287,0.019171011776,0.020295597153,0.021413630374,0.022531134554,0.023640938086,0.024756850596,0.025864502438,0.026978334937,0.028083504546,0.029187291028,0.030289626409,0.031390474674,0.032482147782,0.033579844482,0.034675922659,0.035770360749,0.036855589265,0.037946588212,0.039028571293,0.040108929757,0.041194579154,0.042271526730,0.043346826914,0.044420519736,0.045498628422,0.046568767882,0.047637241559,0.048703918097,0.049769000333,0.050832177890,0.051893656652,0.052953348357,0.054011247066,0.055067316778,0.056119045631,0.057171848359,0.058222743186,0.059271742393,0.060318818997,0.061363988950,0.062407603443,0.063449260134,0.064488884063,0.065526571951,0.066564872567,0.067595265735,0.068630711623,0.069660481832,0.070688059362,0.071719780882,0.072743707252,0.073773067315,0.074793025889,0.075820167003,0.076836225515,0.077860983211,0.078872954849,0.079895444008,0.080903316461,0.081923504367,0.082927188073,0.083928401307,0.084926845302,0.085941545473,0.086936173243,0.087948480495,0.088960487964,0.089948802734,0.090958409185,0.091942390691,0.092949451134,0.093928566733,0.094933621458,0.095908189650,0.096910927772,0.097913255432,0.098881292133,0.099846014325,0.100844094103,0.101841870634,0.102800051931,0.103795494012,0.104790503810,0.105741823818
16,0.000899451660,0.001965057058,0.003081170235,0.004221107238,0.005372459639,0.006532685422,0.007693263175,0.008851999945,0.010009212539,0.011159161705,0.012313094385,0.013457570283,0.014601101219,0.015743876328,0.016880214491,0.018015444245,0.019149585855,0.020269696522,0.021401329686,0.022524971055,0.023640105148,0.024760627257,0.025872306930,0.026989636307,0.028097867416,0.029204296114,0.030308927526,0.031411776231,0.032512805432,0.033611971339,0.034701695967,0.035797117903,0.036883200343,0.037974853547,0.039057318939,0.040145131797,0.041223994677,0.042301094503,0.043376461298,0.044456365792,0.045528030901,0.046597946061,0.047666063211,0.048732449097,0.049797081321,0.050859917223,0.051920949504,0.052980039772,0.054037456331,0.055092839641,0.056146509209,0.057198221252,0.058246462038,0.059294846077,0.060341292163,0.061385681391,0.062428670239,0.063468648549,0.064508601656,0.065545549987,0.066583364575,0.067616734940,0.068648075976,0.069681973101,0.070709515934,0.071734800081,0.072757988574,0.073786828460,0.074806241446,0.075823338590,0.076848485890,0.077861731998,0.078884752646,0.079907099698,0.080914719196,0.081919820620,0.082938302091,0.083939682753,0.084955492701,0.085971054830,0.086946287642,0.087958468575,0.088970287009,0.089958409393,0.090968004476,0.091951988055,0.092958920334,0.093937994252,0.094942969827,0.095917454450,0.096920262210,0.097890083710,0.098890688908,0.099890857863,0.100890467549,0.101851944644,0.102848769502,0.103805203692,0.104757769761,0.105750667413
17,0.000908277034,0.001979575071,0.003099491737,0.004244264160,0.005403224246,0.006567710378,0.007735501078,0.008902157234,0.010067756778,0.011226288737,0.012388697154,0.013546204447,0.014697792798,0.015837113266,0.016985593044,0.018126947059,0.019266755628,0.020398584273,0.021528533651,0.022656707483,0.023776080030,0.024900615747,0.026016137375,0.027137124806,0.028248889933,0.029358800225,0.030466816398,0.031572959025,0.032669603642,0.033772000430,0.034872507006,0.035971104343,0.037060312781,0.038147711071,0.039240525249,0.040324242629,0.041413136759,0.042493045325,0.043571204255,0.044647580946,0.045728250975,0.046800772904,0.047871457976,0.048940286357,0.050007327741,0.051072526822,0.052135873756,0.053193514917,0.054256805171,0.055314419408,0.056370128336,0.057423805352,0.058473939431,0.059525269787,0.060572275372,0.061618414748,0.062662493959,0.063705562188,0.064745992829,0.065784212676,0.066823114684,0.067857584700,0.068889882851,0.069919890455,0.070953358119,0.071979630151,0.073003428212,0.074033022258,0.075053040390,0.076080238656,0.077096221385,0.078109844147,0.079132971230,0.080155470029,0.081163207912,0.082168557623,0.083186665032,0.084187886776,0.085185954642,0.086200033893,0.087213825344,0.088226959188,0.089195498174,0.090204920360,0.091214036399,0.092197199422,0.093204013132,0.094210242673,0.095186945684,0.096161236906,0.097162655543,0.098164129703,0.099131749444,0.100130250314,0.101128743073,0.102089018379,0.103085007992,0.104080605496,0.105033810207,0.105983859854
18,0.000907149471,0.001981537109,0.003106048301,0.004253750457,0.005414265681,0.006578693414,0.007744789316,0.008908217078,0.010069341052,0.011226583869,0.012374257249,0.013529794897,0.014674734837,0.015812793704,0.016949104075,0.018083823675,0.019217071013,0.020342471180,0.021466122170,0.022588158220,0.023701513965,0.024820199913,0.025930059532,0.027045575593,0.028152036112,0.029256785866,0.030359820550,0.031461195089,0.032560873546,0.033651225184,0.034747485640,0.035842032355,0.036927384375,0.038018430680,0.039100432550,0.040180836782,0.041266503354,0.042343468615,0.043418798065,0.044498827049,0.045570603294,0.046634980764,0.047709241403,0.048775952632,0.049841009892,0.050904364826,0.051965965748,0.053025797574,0.054083673130,0.055139832587,0.056191646669,0.057244524552,0.058295501977,0.059345887563,0.060391664404,0.061436814693,0.062479982272,0.063521260536,0.064561961309,0.065601936744,0.066638039134,0.067668445362,0.068703880669,0.069733647221,0.070761282908,0.071793055416,0.072824102225,0.073846331078,0.074875009696,0.075893283974,0.076909145956,0.077922702713,0.078945922981,0.079955465442,0.080976537915,0.081982042394,0.083000697662,0.084001916568,0.085018337168,0.086015290095,0.087009567545,0.088022046102,0.089034024843,0.090022371665,0.091031773912,0.092015435795,0.093022624687,0.094029333540,0.095006590048,0.096010820970,0.096983285277,0.097985232441,0.098952941886,0.099952554379,0.100915941551,0.101912668005,0.102909516426,0.103865680726,0.104818085856,0.105810611798
19,0.001021900631,0.002218802778,0.003420018652,0.004591734403,0.005736314862,0.006869652776,0.007999319326,0.009126431908,0.010253619195,0.011380117965,0.012504765983,0.013631213583,0.014754167315,0.015872507436,0.016991040305,0.018109702551,0.019222162410,0.020340659869,0.021452435652,0.022556811446,0.023667359030,0.024777340617,0.025879344554,0.026987865594,0.028088076534,0.029187248959,0.030285349257,0.031382347525,0.032478125181,0.033572666304,0.034658314342,0.035750211536,0.036833183669,0.037914843648,0.039002341661,0.040081150320,0.041165509968,0.042241221354,0.043322085778,0.044388314240,0.045465638318,0.046535114815,0.047602992291,0.048669228743,0.049733851243,0.050796815836,0.051858002983,0.052917325125,0.053975048722,0.055030820737,0.056082285836,0.057136994843,0.058185683413,0.059234576480,0.060282224183,0.061326463040,0.062370057773,0.063411640020,0.064451191147,0.065488611110,0.066524017991,0.067557319915,0.068592785850,0.069627501970,0.070655642131,0.071681547249,0.072705306437,0.073734406681,0.074762989218,0.075781189147,0.076797017177,0.077821782748,0.078833668019,0.079843146852,0.080864032368,0.081869585758,0.082888022274,0.083889181928,0.084905536231,0.085902606637,0.086916492930,0.087909079514,0.088898800008,0.089908957200,0.090894578748,0.091902410998,0.092909872666,0.093889083042,0.094865714178,0.095868684641,0.096871592241,0.097841800348,0.098841930532,0.099841947798,0.100841438368,0.101802633355,0.102799553490,0.103755696010,0.104750228178,0.105701491014
20,0.001052114682,0.002276470878,0.003488885738,0.004660891594,0.005805792852,0.006942238096,0.008077195476,0.009210892900,0.010345465953,0.011479845432,0.012612649547,0.013742552722,0.014878646636,0.016005176025,0.017137461944,0.018258114852,0.019384262737,0.020503573840,0.021615291626,0.022739484641,0.023856046317,0.024964373358,0.026071346251,0.027184407748,0.028288795226,0.029391784019,0.030493314207,0.031585740680,0.032684265871,0.033781244073,0.034876638309,0.035970420301,0.037055049020,0.038138122978,0.039226830843,0.040313675507,0.041384816890,0.042468128872,0.043542885859,0.044622338482,0.045693634229,0.046763261680,0.047831134881,0.048897320015,0.049961765639,0.051024420558,0.052085347611,0.053144478116,0.054201782687,0.055257277090,0.056310886366,0.057360528391,0.058410764863,0.059460249974,0.060505434845,0.061549867100,0.062592424237,0.063632677323,0.064672690795,0.065709551417,0.066747267848,0.067780495312,0.068811487907,0.069840211148,0.070872589211,0.071897769773,0.072927737130,0.073948997432,0.074968299214,0.075994056130,0.077009160254,0.078021698183,0.079043846088,0.080052439437,0.081072546466,0.082077123183,0.083094884094,0.084095549007,0.085110664260,0.086106649570,0.087100080706,0.088111698375,0.089122821692,0.090110569231,0.091118862228,0.092101754016,0.093107957420,0.094113797612,0.095090314162,0.096093580365,0.097065175485,0.098033839017,0.099033387804,0.100032516496,0.100994761878,0.101991368220,0.102948564778,0.103942955149,0.104936982420,0.105930492731
